Ana,García,Femenino,Cédula de Ciudadanía,15/03/1990,1234567,ana.garcia@mail.com
Luis,Martínez,Masculino,Cédula de Ciudadanía,22/07/1985,2345678,luis.martinez@mail.com
Carla,López,Femenino,Cédula de Ciudadanía,10/11/1995,3456789,carla.lopez@mail.com
Pedro,Ramírez,Masculino,Cédula de Ciudadanía,05/04/1988,4567890,pedro.ramirez@mail.com
Sofía,Torres,Femenino,Cédula de Ciudadanía,18/09/1992,5678901,sofia.torres@mail.com
Andrés,Herrera,Masculino,Cédula de Ciudadanía,30/01/1980,6789012,andres.herrera@mail.com
Valentina,Díaz,Femenino,Cédula de Ciudadanía,14/06/1997,7890123,valentina.diaz@mail.com
Carlos,Morales,Masculino,Cédula de Ciudadanía,25/12/1983,8901234,carlos.morales@mail.com
Isabella,Vargas,Femenino,Cédula de Ciudadanía,08/02/1991,9012345,isabella.vargas@mail.com
Sebastián,Castro,Masculino,Cédula de Ciudadanía,17/08/1987,1023456,sebastian.castro@mail.com
Mariana,Rojas,Femenino,Cédula de Ciudadanía,03/05/1994,1123456,mariana.rojas@mail.com
Felipe,Mendoza,Masculino,Cédula de Ciudadanía,28/10/1979,1223456,felipe.mendoza@mail.com
Daniela,Reyes,Femenino,Cédula de Ciudadanía,12/07/1996,1323456,daniela.reyes@mail.com
Julián,Gómez,Masculino,Cédula de Ciudadanía,20/03/1982,1423456,julian.gomez@mail.com
Camila,Sánchez,Femenino,Cédula de Ciudadanía,07/11/1993,1523456,camila.sanchez@mail.com
Miguel,Pérez,Masculino,Cédula de Ciudadanía,15/06/1986,1623456,miguel.perez@mail.com
Laura,Jiménez,Femenino,Cédula de Ciudadanía,24/09/1998,1723456,laura.jimenez@mail.com
David,Ruiz,Masculino,Cédula de Ciudadanía,11/01/1975,1823456,david.ruiz@mail.com
Sara,Flores,Femenino,Cédula de Ciudadanía,29/04/1990,1923456,sara.flores@mail.com
Jorge,Ortega,Masculino,Cédula de Ciudadanía,06/08/1984,2023456,jorge.ortega@mail.com
Lucía,Navarro,Femenino,Cédula de Ciudadanía,19/12/1995,2123456,lucia.navarro@mail.com
Alejandro,Ramos,Masculino,Cédula de Ciudadanía,02/05/1978,2223456,alejandro.ramos@mail.com
Paula,Aguilar,Femenino,Cédula de Ciudadanía,13/07/1992,2323456,paula.aguilar@mail.com
Mateo,Medina,Masculino,Cédula de Ciudadanía,26/02/1989,2423456,mateo.medina@mail.com
Natalia,Guerrero,Femenino,Cédula de Ciudadanía,09/10/1997,2523456,natalia.guerrero@mail.com
Ricardo,Castillo,Masculino,Cédula de Ciudadanía,21/06/1981,2623456,ricardo.castillo@mail.com
Diana,Romero,Femenino,Cédula de Ciudadanía,04/03/1994,2723456,diana.romero@mail.com
Tomás,Gutiérrez,Masculino,Cédula de Ciudadanía,16/11/1976,2823456,tomas.gutierrez@mail.com
Esteban,Vega,Masculino,Cédula de Ciudadanía,31/01/1983,3023456,esteban.vega@mail.com
Paula,Betancourt,Femenino,Cédula de Ciudadanía,21/12/2004,1056798624,paula.betancourt@uptc.edu.co
